Company,Valuation,Date Joined,Industry,City,Country/Region,Continent,Year Founded,Funding,Select Investors
Bytedance,$180B,4/7/17,Fintech,San Francisco,India,Europe,2007,$790M,"Sequoia Capital, Tiger Global, Accel"
SpaceX,$100B,12/1/12,E-commerce & direct-to-consumer,Berlin,China,North America,2008,$187M,"Sequoia Capital, Tiger Global, Accel"
SHEIN,$100B,7/3/18,Mobile & telecommunications,Bengaluru,Germany,Asia,2004,$652M,"Sequoia Capital, Tiger Global, Accel"
Stripe,$95B,1/23/14,E-commerce & direct-to-consumer,Bengaluru,China,Asia,2005,$500M,"Sequoia Capital, Tiger Global, Accel"
Klarna,$46B,12/12/11,Mobile & telecommunications,San Francisco,United States,North America,1996,$687M,"Sequoia Capital, Tiger Global, Accel"
Company_5,$21B,04/10/10,Other,Shenzhen,Germany,Europe,2019,$145M,"Sequoia Capital, Tiger Global, Accel"
Company_6,$39B,04/30/10,Other,Berlin,United Kingdom,North America,2020,$771M,"Sequoia Capital, Tiger Global, Accel"
Company_7,$19B,05/19/10,Other,Berlin,China,Europe,2003,$562M,"Sequoia Capital, Tiger Global, Accel"
Company_8,$23B,06/08/10,"Supply chain, logistics, & delivery",New York,United States,Asia,2011,$691M,"Sequoia Capital, Tiger Global, Accel"
Company_9,$11B,06/28/10,E-commerce & direct-to-consumer,Bengaluru,India,Europe,2020,$409M,"Sequoia Capital, Tiger Global, Accel"
Company_10,$11B,07/18/10,Mobile & telecommunications,San Francisco,Germany,Asia,1997,$185M,"Sequoia Capital, Tiger Global, Accel"
Company_11,$24B,08/07/10,Fintech,New York,China,Europe,2018,$191M,"Sequoia Capital, Tiger Global, Accel"
Company_12,$36B,08/27/10,Artificial intelligence,London,China,Europe,2000,$759M,"Sequoia Capital, Tiger Global, Accel"
Company_13,$40B,09/15/10,Fintech,Beijing,United Kingdom,Europe,1999,$772M,"Sequoia Capital, Tiger Global, Accel"
Company_14,$24B,10/05/10,Artificial intelligence,Berlin,United Kingdom,North America,1999,$813M,"Sequoia Capital, Tiger Global, Accel"
Company_15,$3B,10/25/10,Internet software & services,London,India,North America,2016,$341M,"Sequoia Capital, Tiger Global, Accel"
Company_16,$22B,11/14/10,Fintech,London,India,Asia,2009,$101M,"Sequoia Capital, Tiger Global, Accel"
Company_17,$2B,12/04/10,Data management & analytics,Shenzhen,United States,Asia,2017,$324M,"Sequoia Capital, Tiger Global, Accel"
Company_18,$24B,12/24/10,Data management & analytics,Beijing,United States,North America,2011,$844M,"Sequoia Capital, Tiger Global, Accel"
Company_19,$44B,01/13/11,Consumer & retail,London,India,Asia,2003,$688M,"Sequoia Capital, Tiger Global, Accel"
Company_20,$30B,02/01/11,E-commerce & direct-to-consumer,London,India,North America,1997,$215M,"Sequoia Capital, Tiger Global, Accel"
Company_21,$38B,02/21/11,Artificial intelligence,Beijing,Germany,Europe,2014,$765M,"Sequoia Capital, Tiger Global, Accel"
Company_22,$2B,03/13/11,Artificial intelligence,Beijing,United Kingdom,Asia,2020,$202M,"Sequoia Capital, Tiger Global, Accel"
Company_23,$21B,04/02/11,E-commerce & direct-to-consumer,London,United States,Asia,2011,$293M,"Sequoia Capital, Tiger Global, Accel"
Company_24,$33B,04/22/11,"Supply chain, logistics, & delivery",Beijing,United Kingdom,North America,2021,$265M,"Sequoia Capital, Tiger Global, Accel"
Company_25,$12B,05/12/11,Consumer & retail,London,United Kingdom,Asia,2004,$189M,"Sequoia Capital, Tiger Global, Accel"
Company_26,$22B,05/31/11,"Supply chain, logistics, & delivery",London,India,Asia,1997,$785M,"Sequoia Capital, Tiger Global, Accel"
Company_27,$44B,06/20/11,"Supply chain, logistics, & delivery",Shenzhen,Germany,Europe,2012,$221M,"Sequoia Capital, Tiger Global, Accel"
Company_28,$25B,07/10/11,"Supply chain, logistics, & delivery",San Francisco,China,Asia,2012,$242M,"Sequoia Capital, Tiger Global, Accel"
Company_29,$49B,07/30/11,E-commerce & direct-to-consumer,London,Germany,Europe,2011,$205M,"Sequoia Capital, Tiger Global, Accel"
Company_30,$27B,08/19/11,"Supply chain, logistics, & delivery",New York,Germany,North America,2018,$527M,"Sequoia Capital, Tiger Global, Accel"
Company_31,$42B,09/08/11,Data management & analytics,Berlin,United Kingdom,Asia,1997,$404M,"Sequoia Capital, Tiger Global, Accel"
Company_32,$28B,09/27/11,Other,Bengaluru,Germany,Europe,1997,$416M,"Sequoia Capital, Tiger Global, Accel"
Company_33,$16B,10/17/11,Internet software & services,San Francisco,United States,North America,2000,$734M,"Sequoia Capital, Tiger Global, Accel"
Company_34,$15B,11/06/11,Artificial intelligence,San Francisco,United Kingdom,Asia,2007,$108M,"Sequoia Capital, Tiger Global, Accel"
Company_35,$47B,11/26/11,Artificial intelligence,San Francisco,United States,North America,2018,$873M,"Sequoia Capital, Tiger Global, Accel"
Company_36,$44B,12/16/11,Internet software & services,Shenzhen,China,Asia,2009,$172M,"Sequoia Capital, Tiger Global, Accel"
Company_37,$3B,01/05/12,E-commerce & direct-to-consumer,London,United Kingdom,North America,2019,$458M,"Sequoia Capital, Tiger Global, Accel"
Company_38,$37B,01/25/12,Fintech,Shenzhen,China,North America,2003,$322M,"Sequoia Capital, Tiger Global, Accel"
Company_39,$7B,02/13/12,E-commerce & direct-to-consumer,London,United Kingdom,Europe,1998,$515M,"Sequoia Capital, Tiger Global, Accel"
Company_40,$21B,03/04/12,Artificial intelligence,Shenzhen,India,North America,2008,$652M,"Sequoia Capital, Tiger Global, Accel"
Company_41,$9B,03/24/12,Artificial intelligence,Shenzhen,Germany,Asia,1999,$469M,"Sequoia Capital, Tiger Global, Accel"
Company_42,$39B,04/13/12,Internet software & services,Berlin,India,Asia,1996,$815M,"Sequoia Capital, Tiger Global, Accel"
Company_43,$18B,05/03/12,"Supply chain, logistics, & delivery",New York,China,Europe,2005,$363M,"Sequoia Capital, Tiger Global, Accel"
Company_44,$4B,05/23/12,E-commerce & direct-to-consumer,Shenzhen,Germany,Asia,2003,$789M,"Sequoia Capital, Tiger Global, Accel"
Company_45,$25B,06/11/12,Mobile & telecommunications,Berlin,United Kingdom,Asia,2018,$417M,"Sequoia Capital, Tiger Global, Accel"
Company_46,$14B,07/01/12,Internet software & services,Beijing,Germany,Asia,1997,$183M,"Sequoia Capital, Tiger Global, Accel"
Company_47,$9B,07/21/12,Data management & analytics,New York,United States,North America,2021,$417M,"Sequoia Capital, Tiger Global, Accel"
Company_48,$26B,08/10/12,Artificial intelligence,Shenzhen,Germany,North America,2003,$210M,"Sequoia Capital, Tiger Global, Accel"
Company_49,$2B,08/30/12,Internet software & services,Bengaluru,United States,Asia,1997,$350M,"Sequoia Capital, Tiger Global, Accel"
Company_50,$20B,09/19/12,E-commerce & direct-to-consumer,San Francisco,Germany,Europe,2019,$482M,"Sequoia Capital, Tiger Global, Accel"
Company_51,$28B,10/08/12,Artificial intelligence,Beijing,United States,North America,1996,$106M,"Sequoia Capital, Tiger Global, Accel"
Company_52,$47B,10/28/12,Fintech,Beijing,China,Europe,2006,$558M,"Sequoia Capital, Tiger Global, Accel"
Company_53,$7B,11/17/12,Internet software & services,Berlin,India,Asia,2004,$183M,"Sequoia Capital, Tiger Global, Accel"
Company_54,$44B,12/07/12,Consumer & retail,Beijing,United Kingdom,Asia,2003,$307M,"Sequoia Capital, Tiger Global, Accel"
Company_55,$8B,12/27/12,Artificial intelligence,New York,Germany,North America,2009,$489M,"Sequoia Capital, Tiger Global, Accel"
Company_56,$47B,01/16/13,E-commerce & direct-to-consumer,Shenzhen,India,Asia,2002,$413M,"Sequoia Capital, Tiger Global, Accel"
Company_57,$35B,02/05/13,Other,Shenzhen,United Kingdom,North America,2019,$121M,"Sequoia Capital, Tiger Global, Accel"
Company_58,$14B,02/24/13,Mobile & telecommunications,Bengaluru,United Kingdom,Asia,1999,$509M,"Sequoia Capital, Tiger Global, Accel"
Company_59,$17B,03/16/13,"Supply chain, logistics, & delivery",San Francisco,United States,Asia,2005,$614M,"Sequoia Capital, Tiger Global, Accel"
Company_60,$36B,04/05/13,E-commerce & direct-to-consumer,Berlin,China,North America,2021,$226M,"Sequoia Capital, Tiger Global, Accel"
Company_61,$40B,04/25/13,Data management & analytics,San Francisco,China,North America,1996,$799M,"Sequoia Capital, Tiger Global, Accel"
Company_62,$4B,05/15/13,Data management & analytics,Beijing,India,North America,2018,$113M,"Sequoia Capital, Tiger Global, Accel"
Company_63,$2B,06/04/13,Other,Bengaluru,China,Asia,2009,$111M,"Sequoia Capital, Tiger Global, Accel"
Company_64,$6B,06/23/13,"Supply chain, logistics, & delivery",San Francisco,Germany,Asia,2000,$186M,"Sequoia Capital, Tiger Global, Accel"
Company_65,$42B,07/13/13,Consumer & retail,New York,China,Europe,2002,$623M,"Sequoia Capital, Tiger Global, Accel"
Company_66,$4B,08/02/13,Other,Shenzhen,India,North America,2021,$636M,"Sequoia Capital, Tiger Global, Accel"
Company_67,$29B,08/22/13,Other,Beijing,China,Asia,1999,$400M,"Sequoia Capital, Tiger Global, Accel"
Company_68,$18B,09/11/13,Artificial intelligence,Bengaluru,Germany,Asia,2010,$342M,"Sequoia Capital, Tiger Global, Accel"
Company_69,$26B,10/01/13,Data management & analytics,San Francisco,United States,North America,2020,$221M,"Sequoia Capital, Tiger Global, Accel"
Company_70,$44B,10/20/13,Artificial intelligence,Berlin,India,Europe,2012,$246M,"Sequoia Capital, Tiger Global, Accel"
Company_71,$34B,11/09/13,Mobile & telecommunications,New York,United States,North America,2000,$666M,"Sequoia Capital, Tiger Global, Accel"
Company_72,$10B,11/29/13,"Supply chain, logistics, & delivery",New York,United States,Europe,1999,$849M,"Sequoia Capital, Tiger Global, Accel"
Company_73,$36B,12/19/13,Consumer & retail,San Francisco,United States,Asia,2010,$455M,"Sequoia Capital, Tiger Global, Accel"
Company_74,$14B,01/08/14,Consumer & retail,Shenzhen,United Kingdom,Europe,2007,$784M,"Sequoia Capital, Tiger Global, Accel"
Company_75,$31B,01/28/14,E-commerce & direct-to-consumer,San Francisco,United Kingdom,Asia,1999,$832M,"Sequoia Capital, Tiger Global, Accel"
Company_76,$48B,02/17/14,Other,Beijing,United States,North America,2007,$730M,"Sequoia Capital, Tiger Global, Accel"
Company_77,$15B,03/08/14,Mobile & telecommunications,San Francisco,India,North America,2011,$408M,"Sequoia Capital, Tiger Global, Accel"
Company_78,$8B,03/28/14,Data management & analytics,New York,Germany,North America,2012,$794M,"Sequoia Capital, Tiger Global, Accel"
Company_79,$14B,04/17/14,Consumer & retail,Bengaluru,Germany,Europe,2002,$387M,"Sequoia Capital, Tiger Global, Accel"
Company_80,$23B,05/07/14,Mobile & telecommunications,San Francisco,China,Asia,2007,$406M,"Sequoia Capital, Tiger Global, Accel"
Company_81,$40B,05/27/14,Fintech,Shenzhen,India,North America,2013,$693M,"Sequoia Capital, Tiger Global, Accel"
Company_82,$21B,06/16/14,Fintech,Bengaluru,United Kingdom,North America,2020,$822M,"Sequoia Capital, Tiger Global, Accel"
Company_83,$16B,07/05/14,Artificial intelligence,Berlin,United States,Asia,1997,$761M,"Sequoia Capital, Tiger Global, Accel"
Company_84,$45B,07/25/14,Data management & analytics,London,China,North America,2018,$648M,"Sequoia Capital, Tiger Global, Accel"
Company_85,$18B,08/14/14,E-commerce & direct-to-consumer,San Francisco,Germany,Asia,2002,$451M,"Sequoia Capital, Tiger Global, Accel"
Company_86,$47B,09/03/14,Consumer & retail,Shenzhen,United Kingdom,Asia,1996,$411M,"Sequoia Capital, Tiger Global, Accel"
Company_87,$24B,09/23/14,Other,Bengaluru,United Kingdom,Asia,2002,$158M,"Sequoia Capital, Tiger Global, Accel"
Company_88,$26B,10/13/14,Other,Shenzhen,United States,Asia,2021,$742M,"Sequoia Capital, Tiger Global, Accel"
Company_89,$25B,11/02/14,Consumer & retail,Berlin,Germany,Asia,2007,$813M,"Sequoia Capital, Tiger Global, Accel"
Company_90,$45B,11/21/14,"Supply chain, logistics, & delivery",New York,India,Europe,2007,$854M,"Sequoia Capital, Tiger Global, Accel"
Company_91,$41B,12/11/14,E-commerce & direct-to-consumer,Shenzhen,United Kingdom,North America,1995,$134M,"Sequoia Capital, Tiger Global, Accel"
Company_92,$29B,12/31/14,Mobile & telecommunications,Bengaluru,United States,Europe,2000,$544M,"Sequoia Capital, Tiger Global, Accel"
Company_93,$15B,01/20/15,"Supply chain, logistics, & delivery",Shenzhen,India,North America,2018,$192M,"Sequoia Capital, Tiger Global, Accel"
Company_94,$45B,02/09/15,"Supply chain, logistics, & delivery",Shenzhen,Germany,Europe,2013,$306M,"Sequoia Capital, Tiger Global, Accel"
Company_95,$1B,03/01/15,Artificial intelligence,Shenzhen,United Kingdom,Asia,2010,$452M,"Sequoia Capital, Tiger Global, Accel"
Company_96,$25B,03/20/15,Fintech,Beijing,India,North America,2002,$431M,"Sequoia Capital, Tiger Global, Accel"
Company_97,$7B,04/09/15,"Supply chain, logistics, & delivery",Beijing,India,North America,1995,$824M,"Sequoia Capital, Tiger Global, Accel"
Company_98,$9B,04/29/15,"Supply chain, logistics, & delivery",New York,India,Europe,2021,$258M,"Sequoia Capital, Tiger Global, Accel"
Company_99,$24B,05/19/15,Internet software & services,San Francisco,United Kingdom,Europe,2021,$123M,"Sequoia Capital, Tiger Global, Accel"
Company_100,$1B,06/08/15,Artificial intelligence,Shenzhen,United Kingdom,North America,2010,$503M,"Sequoia Capital, Tiger Global, Accel"
Company_101,$44B,06/28/15,Data management & analytics,Berlin,China,Europe,2003,$615M,"Sequoia Capital, Tiger Global, Accel"
Company_102,$8B,07/17/15,Internet software & services,San Francisco,Germany,Europe,2007,$831M,"Sequoia Capital, Tiger Global, Accel"
Company_103,$24B,08/06/15,Internet software & services,Berlin,United States,Europe,2005,$463M,"Sequoia Capital, Tiger Global, Accel"
Company_104,$11B,08/26/15,Consumer & retail,San Francisco,India,Asia,2007,$481M,"Sequoia Capital, Tiger Global, Accel"
Company_105,$17B,09/15/15,Fintech,New York,China,Asia,2019,$631M,"Sequoia Capital, Tiger Global, Accel"
Company_106,$8B,10/05/15,"Supply chain, logistics, & delivery",Shenzhen,United States,Europe,2015,$251M,"Sequoia Capital, Tiger Global, Accel"
Company_107,$35B,10/25/15,Fintech,Shenzhen,China,Europe,2004,$661M,"Sequoia Capital, Tiger Global, Accel"
Company_108,$35B,11/14/15,E-commerce & direct-to-consumer,London,United Kingdom,Asia,1998,$788M,"Sequoia Capital, Tiger Global, Accel"
Company_109,$33B,12/03/15,Consumer & retail,Berlin,India,Asia,2021,$707M,"Sequoia Capital, Tiger Global, Accel"
Company_110,$5B,12/23/15,Data management & analytics,San Francisco,United States,North America,2000,$716M,"Sequoia Capital, Tiger Global, Accel"
Company_111,$42B,01/12/16,Fintech,San Francisco,United States,North America,2001,$519M,"Sequoia Capital, Tiger Global, Accel"
Company_112,$39B,02/01/16,Other,Beijing,United States,Asia,1999,$349M,"Sequoia Capital, Tiger Global, Accel"
Company_113,$41B,02/21/16,E-commerce & direct-to-consumer,London,United States,Europe,2005,$216M,"Sequoia Capital, Tiger Global, Accel"
Company_114,$28B,03/12/16,Artificial intelligence,Bengaluru,United States,Europe,2007,$611M,"Sequoia Capital, Tiger Global, Accel"
Company_115,$7B,03/31/16,Data management & analytics,Bengaluru,China,Europe,2020,$839M,"Sequoia Capital, Tiger Global, Accel"
Company_116,$9B,04/20/16,E-commerce & direct-to-consumer,Beijing,India,Europe,2019,$677M,"Sequoia Capital, Tiger Global, Accel"
Company_117,$8B,05/10/16,Consumer & retail,Beijing,United Kingdom,North America,2013,$434M,"Sequoia Capital, Tiger Global, Accel"
Company_118,$12B,05/30/16,Internet software & services,Beijing,United Kingdom,Asia,2017,$517M,"Sequoia Capital, Tiger Global, Accel"
Company_119,$34B,06/19/16,Internet software & services,Berlin,United Kingdom,Europe,2004,$873M,"Sequoia Capital, Tiger Global, Accel"
Company_120,$33B,07/09/16,Consumer & retail,Berlin,United Kingdom,North America,2004,$394M,"Sequoia Capital, Tiger Global, Accel"
Company_121,$48B,07/28/16,Mobile & telecommunications,New York,China,Europe,2005,$854M,"Sequoia Capital, Tiger Global, Accel"
Company_122,$23B,08/17/16,Internet software & services,New York,Germany,Asia,2015,$470M,"Sequoia Capital, Tiger Global, Accel"
Company_123,$24B,09/06/16,Artificial intelligence,Beijing,India,North America,2001,$285M,"Sequoia Capital, Tiger Global, Accel"
Company_124,$37B,09/26/16,Artificial intelligence,London,United States,Asia,2012,$345M,"Sequoia Capital, Tiger Global, Accel"
Company_125,$35B,10/16/16,Other,San Francisco,Germany,Asia,1998,$736M,"Sequoia Capital, Tiger Global, Accel"
Company_126,$44B,11/05/16,"Supply chain, logistics, & delivery",Berlin,United Kingdom,North America,1996,$367M,"Sequoia Capital, Tiger Global, Accel"
Company_127,$40B,11/25/16,Mobile & telecommunications,London,Germany,North America,2008,$742M,"Sequoia Capital, Tiger Global, Accel"
Company_128,$22B,12/14/16,Data management & analytics,Shenzhen,India,North America,2007,$336M,"Sequoia Capital, Tiger Global, Accel"
Company_129,$27B,01/03/17,Internet software & services,Berlin,United States,North America,2006,$629M,"Sequoia Capital, Tiger Global, Accel"
Company_130,$35B,01/23/17,Artificial intelligence,Berlin,United States,North America,2001,$651M,"Sequoia Capital, Tiger Global, Accel"
Company_131,$1B,02/12/17,Consumer & retail,New York,India,North America,1996,$120M,"Sequoia Capital, Tiger Global, Accel"
Company_132,$35B,03/04/17,Internet software & services,San Francisco,India,North America,2007,$836M,"Sequoia Capital, Tiger Global, Accel"
Company_133,$37B,03/24/17,"Supply chain, logistics, & delivery",San Francisco,United Kingdom,Europe,2008,$893M,"Sequoia Capital, Tiger Global, Accel"
Company_134,$47B,04/12/17,Consumer & retail,Bengaluru,United States,Asia,2021,$619M,"Sequoia Capital, Tiger Global, Accel"
Company_135,$14B,05/02/17,E-commerce & direct-to-consumer,Bengaluru,Germany,North America,2011,$199M,"Sequoia Capital, Tiger Global, Accel"
Company_136,$3B,05/22/17,E-commerce & direct-to-consumer,Bengaluru,China,Europe,2003,$851M,"Sequoia Capital, Tiger Global, Accel"
Company_137,$1B,06/11/17,Internet software & services,Bengaluru,China,Europe,2011,$577M,"Sequoia Capital, Tiger Global, Accel"
Company_138,$5B,07/01/17,"Supply chain, logistics, & delivery",Shenzhen,India,Europe,2002,$698M,"Sequoia Capital, Tiger Global, Accel"
Company_139,$26B,07/21/17,Mobile & telecommunications,Shenzhen,United Kingdom,Asia,1996,$397M,"Sequoia Capital, Tiger Global, Accel"
Company_140,$14B,08/09/17,Internet software & services,Berlin,China,North America,2018,$625M,"Sequoia Capital, Tiger Global, Accel"
Company_141,$39B,08/29/17,Artificial intelligence,Beijing,United States,Europe,2007,$433M,"Sequoia Capital, Tiger Global, Accel"
Company_142,$27B,09/18/17,Fintech,New York,India,Asia,1997,$101M,"Sequoia Capital, Tiger Global, Accel"
Company_143,$9B,10/08/17,Internet software & services,New York,Germany,Asia,2010,$474M,"Sequoia Capital, Tiger Global, Accel"
Company_144,$15B,10/28/17,Internet software & services,Bengaluru,India,Asia,2000,$392M,"Sequoia Capital, Tiger Global, Accel"
Company_145,$15B,11/17/17,Consumer & retail,Berlin,Germany,Europe,2013,$652M,"Sequoia Capital, Tiger Global, Accel"
Company_146,$26B,12/07/17,Fintech,London,India,North America,2001,$417M,"Sequoia Capital, Tiger Global, Accel"
Company_147,$42B,12/26/17,Artificial intelligence,Beijing,India,Europe,2004,$601M,"Sequoia Capital, Tiger Global, Accel"
Company_148,$13B,01/15/18,Internet software & services,Berlin,India,Europe,2003,$480M,"Sequoia Capital, Tiger Global, Accel"
Company_149,$32B,02/04/18,Consumer & retail,Beijing,Germany,North America,1996,$722M,"Sequoia Capital, Tiger Global, Accel"
Company_150,$39B,02/24/18,"Supply chain, logistics, & delivery",Beijing,Germany,North America,2009,$113M,"Sequoia Capital, Tiger Global, Accel"
Company_151,$49B,03/16/18,Internet software & services,Beijing,India,North America,1999,$603M,"Sequoia Capital, Tiger Global, Accel"
Company_152,$32B,04/05/18,Fintech,Berlin,China,Asia,2016,$330M,"Sequoia Capital, Tiger Global, Accel"
Company_153,$4B,04/24/18,Other,Bengaluru,United Kingdom,North America,1998,$183M,"Sequoia Capital, Tiger Global, Accel"
Company_154,$30B,05/14/18,Fintech,New York,United Kingdom,Europe,2014,$229M,"Sequoia Capital, Tiger Global, Accel"
Company_155,$37B,06/03/18,E-commerce & direct-to-consumer,New York,United Kingdom,North America,1998,$842M,"Sequoia Capital, Tiger Global, Accel"
Company_156,$23B,06/23/18,Artificial intelligence,Bengaluru,Germany,Europe,2012,$244M,"Sequoia Capital, Tiger Global, Accel"
Company_157,$39B,07/13/18,Data management & analytics,Beijing,Germany,Asia,1998,$127M,"Sequoia Capital, Tiger Global, Accel"
Company_158,$45B,08/02/18,Internet software & services,London,China,Europe,2021,$165M,"Sequoia Capital, Tiger Global, Accel"
Company_159,$15B,08/22/18,Fintech,San Francisco,United Kingdom,Europe,2011,$262M,"Sequoia Capital, Tiger Global, Accel"
Company_160,$43B,09/10/18,Data management & analytics,Berlin,United Kingdom,North America,2006,$328M,"Sequoia Capital, Tiger Global, Accel"
Company_161,$29B,09/30/18,Consumer & retail,San Francisco,India,North America,2016,$360M,"Sequoia Capital, Tiger Global, Accel"
Company_162,$36B,10/20/18,Other,Bengaluru,Germany,Europe,2011,$548M,"Sequoia Capital, Tiger Global, Accel"
Company_163,$13B,11/09/18,Artificial intelligence,London,United Kingdom,North America,2004,$523M,"Sequoia Capital, Tiger Global, Accel"
Company_164,$32B,11/29/18,Fintech,Berlin,China,Asia,2016,$559M,"Sequoia Capital, Tiger Global, Accel"
Company_165,$7B,12/19/18,Data management & analytics,Bengaluru,China,Asia,1995,$775M,"Sequoia Capital, Tiger Global, Accel"
Company_166,$22B,01/07/19,Other,Beijing,United Kingdom,North America,2016,$400M,"Sequoia Capital, Tiger Global, Accel"
Company_167,$28B,01/27/19,E-commerce & direct-to-consumer,New York,Germany,Asia,2020,$402M,"Sequoia Capital, Tiger Global, Accel"
Company_168,$2B,02/16/19,Artificial intelligence,San Francisco,China,North America,2018,$386M,"Sequoia Capital, Tiger Global, Accel"
Company_169,$42B,03/08/19,Artificial intelligence,Shenzhen,India,Europe,2021,$494M,"Sequoia Capital, Tiger Global, Accel"
Company_170,$45B,03/28/19,E-commerce & direct-to-consumer,Shenzhen,China,Europe,2012,$109M,"Sequoia Capital, Tiger Global, Accel"
Company_171,$6B,04/17/19,Internet software & services,London,United States,Asia,2012,$806M,"Sequoia Capital, Tiger Global, Accel"
Company_172,$28B,05/06/19,E-commerce & direct-to-consumer,Beijing,United States,North America,2008,$729M,"Sequoia Capital, Tiger Global, Accel"
Company_173,$28B,05/26/19,Artificial intelligence,San Francisco,Germany,North America,2009,$369M,"Sequoia Capital, Tiger Global, Accel"
Company_174,$44B,06/15/19,Artificial intelligence,Beijing,United Kingdom,Asia,2006,$691M,"Sequoia Capital, Tiger Global, Accel"
Company_175,$44B,07/05/19,Data management & analytics,San Francisco,Germany,Europe,1998,$704M,"Sequoia Capital, Tiger Global, Accel"
Company_176,$20B,07/25/19,Other,London,Germany,Asia,2021,$877M,"Sequoia Capital, Tiger Global, Accel"
Company_177,$30B,08/14/19,E-commerce & direct-to-consumer,London,Germany,Europe,1997,$460M,"Sequoia Capital, Tiger Global, Accel"
Company_178,$11B,09/03/19,Other,Shenzhen,Germany,North America,2014,$356M,"Sequoia Capital, Tiger Global, Accel"
Company_179,$28B,09/22/19,E-commerce & direct-to-consumer,Beijing,India,Europe,2006,$232M,"Sequoia Capital, Tiger Global, Accel"
Company_180,$25B,10/12/19,Consumer & retail,Berlin,India,Asia,2001,$375M,"Sequoia Capital, Tiger Global, Accel"
Company_181,$39B,11/01/19,Artificial intelligence,Shenzhen,China,North America,2005,$875M,"Sequoia Capital, Tiger Global, Accel"
Company_182,$33B,11/21/19,Data management & analytics,Beijing,United States,Asia,1995,$782M,"Sequoia Capital, Tiger Global, Accel"
Company_183,$1B,12/11/19,Other,Shenzhen,Germany,Asia,2000,$612M,"Sequoia Capital, Tiger Global, Accel"
Company_184,$27B,12/31/19,E-commerce & direct-to-consumer,Berlin,China,Europe,2009,$412M,"Sequoia Capital, Tiger Global, Accel"
Company_185,$13B,01/19/20,Mobile & telecommunications,New York,United States,Asia,2009,$675M,"Sequoia Capital, Tiger Global, Accel"
Company_186,$41B,02/08/20,Consumer & retail,New York,United Kingdom,Europe,2013,$383M,"Sequoia Capital, Tiger Global, Accel"
Company_187,$3B,02/28/20,Fintech,New York,India,North America,2005,$220M,"Sequoia Capital, Tiger Global, Accel"
Company_188,$39B,03/19/20,Internet software & services,New York,United States,Europe,2020,$206M,"Sequoia Capital, Tiger Global, Accel"
Company_189,$6B,04/08/20,Other,Bengaluru,United Kingdom,North America,2017,$786M,"Sequoia Capital, Tiger Global, Accel"
Company_190,$8B,04/28/20,Data management & analytics,San Francisco,United States,Europe,2020,$303M,"Sequoia Capital, Tiger Global, Accel"
Company_191,$27B,05/17/20,Fintech,Bengaluru,India,Asia,1996,$264M,"Sequoia Capital, Tiger Global, Accel"
Company_192,$9B,06/06/20,Mobile & telecommunications,Bengaluru,India,Europe,2008,$404M,"Sequoia Capital, Tiger Global, Accel"
Company_193,$37B,06/26/20,Internet software & services,Bengaluru,China,Europe,1996,$596M,"Sequoia Capital, Tiger Global, Accel"
Company_194,$33B,07/16/20,Mobile & telecommunications,New York,Germany,North America,1998,$731M,"Sequoia Capital, Tiger Global, Accel"
Company_195,$42B,08/05/20,Fintech,Berlin,United States,Asia,2011,$655M,"Sequoia Capital, Tiger Global, Accel"
Company_196,$44B,08/25/20,Internet software & services,London,United States,Europe,1997,$255M,"Sequoia Capital, Tiger Global, Accel"
Company_197,$24B,09/14/20,Mobile & telecommunications,London,United Kingdom,Asia,2007,$466M,"Sequoia Capital, Tiger Global, Accel"
Company_198,$15B,10/03/20,Data management & analytics,San Francisco,India,Europe,2003,$818M,"Sequoia Capital, Tiger Global, Accel"
Company_199,$32B,10/23/20,E-commerce & direct-to-consumer,New York,United States,Europe,2001,$719M,"Sequoia Capital, Tiger Global, Accel"
Company_200,$32B,11/12/20,Artificial intelligence,New York,India,Asia,2009,$350M,"Sequoia Capital, Tiger Global, Accel"
Company_201,$24B,12/02/20,E-commerce & direct-to-consumer,New York,United States,Europe,2017,$433M,"Sequoia Capital, Tiger Global, Accel"
Company_202,$41B,12/22/20,Fintech,Shenzhen,China,Asia,2005,$741M,"Sequoia Capital, Tiger Global, Accel"
Company_203,$49B,01/11/21,Other,Beijing,Germany,Europe,2014,$610M,"Sequoia Capital, Tiger Global, Accel"
Company_204,$49B,01/30/21,Artificial intelligence,Shenzhen,United States,North America,1996,$392M,"Sequoia Capital, Tiger Global, Accel"
Company_205,$12B,02/19/21,Consumer & retail,Beijing,India,Asia,2009,$119M,"Sequoia Capital, Tiger Global, Accel"
Company_206,$39B,03/11/21,Data management & analytics,New York,China,Europe,2008,$381M,"Sequoia Capital, Tiger Global, Accel"
Company_207,$2B,03/31/21,Consumer & retail,New York,United States,Europe,2014,$896M,"Sequoia Capital, Tiger Global, Accel"
Company_208,$3B,04/20/21,Internet software & services,Shenzhen,United Kingdom,North America,2016,$100M,"Sequoia Capital, Tiger Global, Accel"
Company_209,$49B,05/10/21,Artificial intelligence,Shenzhen,Germany,Asia,2005,$218M,"Sequoia Capital, Tiger Global, Accel"
Company_210,$37B,05/29/21,Consumer & retail,Beijing,United States,Europe,2021,$134M,"Sequoia Capital, Tiger Global, Accel"
Company_211,$49B,06/18/21,Consumer & retail,London,China,North America,1997,$297M,"Sequoia Capital, Tiger Global, Accel"
Company_212,$17B,07/08/21,Mobile & telecommunications,Beijing,United Kingdom,Europe,2011,$584M,"Sequoia Capital, Tiger Global, Accel"
Company_213,$49B,07/28/21,E-commerce & direct-to-consumer,Shenzhen,China,Asia,2006,$856M,"Sequoia Capital, Tiger Global, Accel"
Company_214,$2B,08/17/21,Mobile & telecommunications,Berlin,China,Europe,2018,$158M,"Sequoia Capital, Tiger Global, Accel"
Company_215,$2B,09/06/21,Artificial intelligence,Shenzhen,United Kingdom,Europe,2015,$260M,"Sequoia Capital, Tiger Global, Accel"
Company_216,$28B,09/26/21,Artificial intelligence,Berlin,China,Europe,2009,$790M,"Sequoia Capital, Tiger Global, Accel"
Company_217,$23B,10/15/21,Fintech,San Francisco,United Kingdom,Europe,2010,$305M,"Sequoia Capital, Tiger Global, Accel"
Company_218,$37B,11/04/21,Mobile & telecommunications,Shenzhen,United States,North America,1999,$111M,"Sequoia Capital, Tiger Global, Accel"
Company_219,$32B,11/24/21,"Supply chain, logistics, & delivery",San Francisco,United Kingdom,North America,2021,$589M,"Sequoia Capital, Tiger Global, Accel"
Company_220,$33B,12/14/21,E-commerce & direct-to-consumer,London,United Kingdom,Asia,2014,$375M,"Sequoia Capital, Tiger Global, Accel"
Company_221,$1B,01/03/22,Artificial intelligence,Beijing,Germany,North America,2000,$792M,"Sequoia Capital, Tiger Global, Accel"
Company_222,$19B,01/23/22,Fintech,Berlin,United Kingdom,North America,2013,$341M,"Sequoia Capital, Tiger Global, Accel"
Company_223,$2B,02/11/22,Mobile & telecommunications,Beijing,United Kingdom,Asia,2019,$315M,"Sequoia Capital, Tiger Global, Accel"
Company_224,$44B,03/03/22,E-commerce & direct-to-consumer,San Francisco,United States,North America,1999,$350M,"Sequoia Capital, Tiger Global, Accel"
Company_225,$26B,03/23/22,Mobile & telecommunications,Berlin,Germany,North America,1997,$225M,"Sequoia Capital, Tiger Global, Accel"
Company_226,$32B,04/12/22,Consumer & retail,Beijing,India,Asia,2021,$316M,"Sequoia Capital, Tiger Global, Accel"
Company_227,$6B,05/02/22,Fintech,Shenzhen,United States,Asia,1995,$405M,"Sequoia Capital, Tiger Global, Accel"
Company_228,$32B,05/22/22,E-commerce & direct-to-consumer,New York,United States,Asia,2020,$896M,"Sequoia Capital, Tiger Global, Accel"
Company_229,$4B,06/11/22,Internet software & services,San Francisco,India,Europe,2000,$284M,"Sequoia Capital, Tiger Global, Accel"
Company_230,$11B,06/30/22,Internet software & services,Beijing,United Kingdom,Europe,2009,$138M,"Sequoia Capital, Tiger Global, Accel"
Company_231,$17B,07/20/22,E-commerce & direct-to-consumer,San Francisco,China,Asia,1996,$322M,"Sequoia Capital, Tiger Global, Accel"
Company_232,$38B,08/09/22,Mobile & telecommunications,Bengaluru,Germany,Asia,1997,$283M,"Sequoia Capital, Tiger Global, Accel"
Company_233,$24B,08/29/22,Fintech,San Francisco,China,Asia,2011,$594M,"Sequoia Capital, Tiger Global, Accel"
Company_234,$5B,09/18/22,Internet software & services,Berlin,India,Europe,2019,$526M,"Sequoia Capital, Tiger Global, Accel"
Company_235,$34B,10/08/22,Fintech,Bengaluru,United States,Europe,2018,$277M,"Sequoia Capital, Tiger Global, Accel"
Company_236,$6B,10/27/22,Internet software & services,Berlin,United States,North America,2006,$527M,"Sequoia Capital, Tiger Global, Accel"
Company_237,$22B,11/16/22,Consumer & retail,New York,Germany,North America,2012,$393M,"Sequoia Capital, Tiger Global, Accel"
Company_238,$11B,12/06/22,Mobile & telecommunications,Bengaluru,United States,Asia,2009,$250M,"Sequoia Capital, Tiger Global, Accel"
Company_239,$48B,12/26/22,Consumer & retail,Shenzhen,United States,Europe,2006,$483M,"Sequoia Capital, Tiger Global, Accel"
Company_240,$16B,01/15/23,Internet software & services,San Francisco,Germany,Europe,2010,$737M,"Sequoia Capital, Tiger Global, Accel"
Company_241,$33B,02/04/23,Consumer & retail,Beijing,Germany,Europe,2021,$407M,"Sequoia Capital, Tiger Global, Accel"
Company_242,$9B,02/23/23,Internet software & services,London,India,Asia,2002,$435M,"Sequoia Capital, Tiger Global, Accel"
Company_243,$6B,03/15/23,E-commerce & direct-to-consumer,San Francisco,United States,North America,2008,$845M,"Sequoia Capital, Tiger Global, Accel"
Company_244,$16B,04/04/23,Consumer & retail,San Francisco,United States,Asia,2019,$474M,"Sequoia Capital, Tiger Global, Accel"
Company_245,$29B,04/24/23,Other,New York,India,North America,2011,$107M,"Sequoia Capital, Tiger Global, Accel"
Company_246,$3B,05/14/23,Mobile & telecommunications,Shenzhen,United Kingdom,North America,2015,$440M,"Sequoia Capital, Tiger Global, Accel"
Company_247,$20B,06/03/23,Artificial intelligence,London,United Kingdom,Asia,2002,$228M,"Sequoia Capital, Tiger Global, Accel"
Company_248,$36B,06/23/23,"Supply chain, logistics, & delivery",Bengaluru,United Kingdom,North America,2009,$875M,"Sequoia Capital, Tiger Global, Accel"
Company_249,$19B,07/12/23,Consumer & retail,Bengaluru,India,North America,2021,$768M,"Sequoia Capital, Tiger Global, Accel"
Company_250,$26B,08/01/23,Data management & analytics,Bengaluru,United States,Europe,2008,$451M,"Sequoia Capital, Tiger Global, Accel"
Company_251,$3B,08/21/23,Mobile & telecommunications,Berlin,India,North America,2012,$457M,"Sequoia Capital, Tiger Global, Accel"
Company_252,$19B,09/10/23,Other,Berlin,India,Asia,2014,$616M,"Sequoia Capital, Tiger Global, Accel"
Company_253,$20B,09/30/23,Other,Beijing,United Kingdom,Asia,2001,$594M,"Sequoia Capital, Tiger Global, Accel"
Company_254,$32B,10/20/23,Internet software & services,London,China,North America,1997,$185M,"Sequoia Capital, Tiger Global, Accel"
Company_255,$7B,11/08/23,Internet software & services,Bengaluru,United States,Europe,2006,$274M,"Sequoia Capital, Tiger Global, Accel"
Company_256,$41B,11/28/23,"Supply chain, logistics, & delivery",Berlin,United Kingdom,Europe,2015,$292M,"Sequoia Capital, Tiger Global, Accel"
Company_257,$33B,12/18/23,E-commerce & direct-to-consumer,Beijing,China,North America,2018,$410M,"Sequoia Capital, Tiger Global, Accel"
Company_258,$40B,01/07/24,Data management & analytics,Shenzhen,China,North America,2020,$218M,"Sequoia Capital, Tiger Global, Accel"
Company_259,$39B,01/27/24,Artificial intelligence,Beijing,Germany,Asia,1997,$317M,"Sequoia Capital, Tiger Global, Accel"
Company_260,$18B,02/16/24,"Supply chain, logistics, & delivery",Berlin,United States,North America,2014,$526M,"Sequoia Capital, Tiger Global, Accel"
Company_261,$40B,03/06/24,Fintech,New York,China,Europe,2008,$513M,"Sequoia Capital, Tiger Global, Accel"
Company_262,$1B,03/26/24,Artificial intelligence,New York,United Kingdom,North America,2009,$213M,"Sequoia Capital, Tiger Global, Accel"
Company_263,$11B,04/15/24,Consumer & retail,Bengaluru,Germany,Asia,2019,$244M,"Sequoia Capital, Tiger Global, Accel"
Company_264,$28B,05/05/24,Mobile & telecommunications,New York,United States,Asia,2008,$637M,"Sequoia Capital, Tiger Global, Accel"
Company_265,$25B,05/25/24,Fintech,Bengaluru,India,Asia,2001,$747M,"Sequoia Capital, Tiger Global, Accel"
Company_266,$23B,06/14/24,Fintech,Bengaluru,United Kingdom,Asia,2011,$402M,"Sequoia Capital, Tiger Global, Accel"
Company_267,$31B,07/04/24,"Supply chain, logistics, & delivery",Berlin,China,Asia,2006,$843M,"Sequoia Capital, Tiger Global, Accel"
Company_268,$30B,07/23/24,E-commerce & direct-to-consumer,New York,China,North America,2014,$687M,"Sequoia Capital, Tiger Global, Accel"
Company_269,$42B,08/12/24,"Supply chain, logistics, & delivery",Bengaluru,United Kingdom,North America,1998,$444M,"Sequoia Capital, Tiger Global, Accel"
Company_270,$35B,09/01/24,Consumer & retail,London,China,North America,2003,$100M,"Sequoia Capital, Tiger Global, Accel"
Company_271,$7B,09/21/24,E-commerce & direct-to-consumer,Shenzhen,Germany,North America,2000,$246M,"Sequoia Capital, Tiger Global, Accel"
Company_272,$16B,10/11/24,Consumer & retail,Beijing,United States,Asia,2010,$386M,"Sequoia Capital, Tiger Global, Accel"
Company_273,$26B,10/31/24,E-commerce & direct-to-consumer,Beijing,Germany,Europe,2019,$753M,"Sequoia Capital, Tiger Global, Accel"
Company_274,$48B,11/19/24,Other,Berlin,China,North America,2016,$152M,"Sequoia Capital, Tiger Global, Accel"
Company_275,$49B,12/09/24,Fintech,New York,India,Europe,2016,$403M,"Sequoia Capital, Tiger Global, Accel"
Company_276,$2B,12/29/24,Data management & analytics,New York,United States,North America,2015,$168M,"Sequoia Capital, Tiger Global, Accel"
Company_277,$1B,01/18/25,Mobile & telecommunications,Bengaluru,United States,North America,2015,$460M,"Sequoia Capital, Tiger Global, Accel"
Company_278,$48B,02/07/25,Consumer & retail,San Francisco,United Kingdom,Europe,1996,$701M,"Sequoia Capital, Tiger Global, Accel"
Company_279,$12B,02/27/25,Artificial intelligence,Bengaluru,United Kingdom,Asia,2018,$319M,"Sequoia Capital, Tiger Global, Accel"
Company_280,$5B,03/18/25,E-commerce & direct-to-consumer,Shenzhen,India,North America,2002,$803M,"Sequoia Capital, Tiger Global, Accel"
Company_281,$37B,04/07/25,Mobile & telecommunications,London,United States,North America,2005,$674M,"Sequoia Capital, Tiger Global, Accel"
Company_282,$32B,04/27/25,Artificial intelligence,Beijing,India,North America,2007,$684M,"Sequoia Capital, Tiger Global, Accel"
Company_283,$9B,05/17/25,Mobile & telecommunications,Bengaluru,United Kingdom,Europe,2011,$260M,"Sequoia Capital, Tiger Global, Accel"
Company_284,$41B,06/06/25,Data management & analytics,San Francisco,United Kingdom,Asia,2002,$780M,"Sequoia Capital, Tiger Global, Accel"
Company_285,$35B,06/26/25,Artificial intelligence,San Francisco,United States,Europe,2015,$188M,"Sequoia Capital, Tiger Global, Accel"
Company_286,$19B,07/16/25,"Supply chain, logistics, & delivery",Bengaluru,Germany,Europe,2012,$787M,"Sequoia Capital, Tiger Global, Accel"
Company_287,$48B,08/04/25,Internet software & services,Berlin,China,Asia,2012,$880M,"Sequoia Capital, Tiger Global, Accel"
Company_288,$16B,08/24/25,"Supply chain, logistics, & delivery",Beijing,United Kingdom,Europe,2008,$684M,"Sequoia Capital, Tiger Global, Accel"
Company_289,$3B,09/13/25,Internet software & services,Berlin,United Kingdom,Asia,2009,$856M,"Sequoia Capital, Tiger Global, Accel"
Company_290,$20B,10/03/25,"Supply chain, logistics, & delivery",London,Germany,North America,2000,$688M,"Sequoia Capital, Tiger Global, Accel"
Company_291,$24B,10/23/25,Internet software & services,San Francisco,Germany,Asia,2005,$258M,"Sequoia Capital, Tiger Global, Accel"
Company_292,$33B,11/12/25,Internet software & services,San Francisco,India,North America,2007,$588M,"Sequoia Capital, Tiger Global, Accel"
Company_293,$24B,12/01/25,Fintech,Shenzhen,India,Europe,2019,$423M,"Sequoia Capital, Tiger Global, Accel"
Company_294,$11B,12/21/25,E-commerce & direct-to-consumer,London,China,Europe,1995,$709M,"Sequoia Capital, Tiger Global, Accel"
Company_295,$49B,01/10/26,E-commerce & direct-to-consumer,San Francisco,China,North America,2000,$480M,"Sequoia Capital, Tiger Global, Accel"
Company_296,$8B,01/30/26,Fintech,London,United States,Europe,2003,$201M,"Sequoia Capital, Tiger Global, Accel"
Company_297,$36B,02/19/26,Mobile & telecommunications,Beijing,India,Asia,2002,$593M,"Sequoia Capital, Tiger Global, Accel"
Company_298,$38B,03/11/26,Other,New York,United Kingdom,North America,2005,$743M,"Sequoia Capital, Tiger Global, Accel"
Company_299,$40B,03/31/26,Mobile & telecommunications,San Francisco,India,Europe,2016,$713M,"Sequoia Capital, Tiger Global, Accel"
